<?xml version="1.0" encoding="UTF-8"?>
<classpath>
  <classpathentry kind="src" path="src/test/java" output="target/test-classes" including="**/*.java"/>
  <classpathentry kind="src" path="src/main/java" including="**/*.java"/>
  <classpathentry kind="src" path="src/main/resources" excluding="**/*.java"/>
  <classpathentry kind="output" path="target/classes"/>
  <classpathentry kind="con" path="org.eclipse.jdt.launching.JRE_CONTAINER"/>
  <classpathentry kind="var" path="M2_REPO/org/seleniumhq/selenium/selenium-java/3.141.59/selenium-java-3.141.59.jar" sourcepath="M2_REPO/org/seleniumhq/selenium/selenium-java/3.141.59/selenium-java-3.141.59-sources.jar"/>
  <classpathentry kind="var" path="M2_REPO/org/seleniumhq/selenium/selenium-api/3.141.59/selenium-api-3.141.59.jar"/>
  <classpathentry kind="var" path="M2_REPO/org/seleniumhq/selenium/selenium-chrome-driver/3.141.59/selenium-chrome-driver-3.141.59.jar"/>
  <classpathentry kind="var" path="M2_REPO/org/seleniumhq/selenium/selenium-remote-driver/3.141.59/selenium-remote-driver-3.141.59.jar"/>
  <classpathentry kind="var" path="M2_REPO/net/bytebuddy/byte-buddy/1.8.15/byte-buddy-1.8.15.jar"/>
  <classpathentry kind="var" path="M2_REPO/org/apache/commons/commons-exec/1.3/commons-exec-1.3.jar"/>
  <classpathentry kind="var" path="M2_REPO/com/google/guava/guava/25.0-jre/guava-25.0-jre.jar"/>
  <classpathentry kind="var" path="M2_REPO/com/google/code/findbugs/jsr305/1.3.9/jsr305-1.3.9.jar"/>
  <classpathentry kind="var" path="M2_REPO/org/checkerframework/checker-compat-qual/2.0.0/checker-compat-qual-2.0.0.jar" sourcepath="M2_REPO/org/checkerframework/checker-compat-qual/2.0.0/checker-compat-qual-2.0.0-sources.jar"/>
  <classpathentry kind="var" path="M2_REPO/com/google/errorprone/error_prone_annotations/2.1.3/error_prone_annotations-2.1.3.jar" sourcepath="M2_REPO/com/google/errorprone/error_prone_annotations/2.1.3/error_prone_annotations-2.1.3-sources.jar"/>
  <classpathentry kind="var" path="M2_REPO/com/google/j2objc/j2objc-annotations/1.1/j2objc-annotations-1.1.jar" sourcepath="M2_REPO/com/google/j2objc/j2objc-annotations/1.1/j2objc-annotations-1.1-sources.jar"/>
  <classpathentry kind="var" path="M2_REPO/org/codehaus/mojo/animal-sniffer-annotations/1.14/animal-sniffer-annotations-1.14.jar" sourcepath="M2_REPO/org/codehaus/mojo/animal-sniffer-annotations/1.14/animal-sniffer-annotations-1.14-sources.jar"/>
  <classpathentry kind="var" path="M2_REPO/com/squareup/okhttp3/okhttp/3.11.0/okhttp-3.11.0.jar"/>
  <classpathentry kind="var" path="M2_REPO/com/squareup/okio/okio/1.14.0/okio-1.14.0.jar"/>
  <classpathentry kind="var" path="M2_REPO/org/seleniumhq/selenium/selenium-edge-driver/3.141.59/selenium-edge-driver-3.141.59.jar"/>
  <classpathentry kind="var" path="M2_REPO/org/seleniumhq/selenium/selenium-firefox-driver/3.141.59/selenium-firefox-driver-3.141.59.jar"/>
  <classpathentry kind="var" path="M2_REPO/org/seleniumhq/selenium/selenium-ie-driver/3.141.59/selenium-ie-driver-3.141.59.jar"/>
  <classpathentry kind="var" path="M2_REPO/org/seleniumhq/selenium/selenium-opera-driver/3.141.59/selenium-opera-driver-3.141.59.jar"/>
  <classpathentry kind="var" path="M2_REPO/org/seleniumhq/selenium/selenium-safari-driver/3.141.59/selenium-safari-driver-3.141.59.jar"/>
  <classpathentry kind="var" path="M2_REPO/org/seleniumhq/selenium/selenium-support/3.141.59/selenium-support-3.141.59.jar"/>
  <classpathentry kind="var" path="M2_REPO/junit/junit/4.12/junit-4.12.jar" sourcepath="M2_REPO/junit/junit/4.12/junit-4.12-sources.jar"/>
  <classpathentry kind="var" path="M2_REPO/org/hamcrest/hamcrest-core/1.3/hamcrest-core-1.3.jar" sourcepath="M2_REPO/org/hamcrest/hamcrest-core/1.3/hamcrest-core-1.3-sources.jar"/>
  <classpathentry kind="var" path="M2_REPO/info/cukes/cucumber-junit/1.2.5/cucumber-junit-1.2.5.jar"/>
  <classpathentry kind="var" path="M2_REPO/info/cukes/cucumber-core/1.2.5/cucumber-core-1.2.5.jar"/>
  <classpathentry kind="var" path="M2_REPO/info/cukes/cucumber-html/0.2.3/cucumber-html-0.2.3.jar"/>
  <classpathentry kind="var" path="M2_REPO/info/cukes/cucumber-jvm-deps/1.0.5/cucumber-jvm-deps-1.0.5.jar"/>
  <classpathentry kind="var" path="M2_REPO/info/cukes/gherkin/2.12.2/gherkin-2.12.2.jar"/>
  <classpathentry kind="var" path="M2_REPO/info/cukes/cucumber-java/1.2.5/cucumber-java-1.2.5.jar"/>
  <classpathentry kind="var" path="M2_REPO/info/cukes/cucumber-picocontainer/1.2.5/cucumber-picocontainer-1.2.5.jar"/>
  <classpathentry kind="var" path="M2_REPO/org/picocontainer/picocontainer/2.15/picocontainer-2.15.jar"/>
</classpath>